ACCELEROMETER X (m/s²),ACCELEROMETER Y (m/s²),ACCELEROMETER Z (m/s²),GRAVITY X (m/s²),GRAVITY Y (m/s²),GRAVITY Z (m/s²),LINEAR ACCELERATION X (m/s²),LINEAR ACCELERATION Y (m/s²),LINEAR ACCELERATION Z (m/s²),GYROSCOPE X (rad/s),GYROSCOPE Y (rad/s),GYROSCOPE Z (rad/s),LIGHT (lux),MAGNETIC FIELD X (μT),MAGNETIC FIELD Y (μT),MAGNETIC FIELD Z (μT),ORIENTATION Z (azimuth °),ORIENTATION X (pitch °),ORIENTATION Y (roll °),PROXIMITY (i),ATMOSPHERIC PRESSURE (mb),SOUND LEVEL (dB),LOCATION Latitude : ,LOCATION Longitude : ,LOCATION Altitude ( m),LOCATION Altitude-google ( m),LOCATION Altitude-atmospheric pressure ( m),LOCATION Speed ( m/s),LOCATION Accuracy ( m),LOCATION ORIENTATION (°),Satellites in range,Time since start in ms ,YYYY-MO-DD HH-MI-SS_SSS
-0.0643,1.4884,9.7068,0.1592,1.1929,9.7359,-0.1048,-0.2753,0.219,-0.0911,0.244,-0.0476,1.6657,-9.57,-14.64,-52.13,134.98,-6.95,-1.57,2.0,986.46,61.019,55.753483,48.741737,638.71,NaN,,,90.27743,,0 / 34,5,2020-04-13 19:18:09:416
5.026,1.3406,8.486,-0.4413,0.0826,9.7997,0.3507,-0.6706,0.0399,-0.3904,-0.0183,-0.4731,2.3351,-7.83,-8.71,-51.42,131.97,0.36,2.67,2.0,986.45,48.937,55.753483,48.741737,638.71,NaN,,,90.27743,,0 / 34,506,2020-04-13 19:18:09:917
0.591,-1.1704,9.4563,-1.2499,-1.4937,9.6147,-0.8153,-0.24,-0.8873,-0.1405,-0.219,0.2594,4.5173,-4.38,2.89,-54.61,115.45,8.76,7.41,2.0,986.43,43.523,55.753483,48.741737,638.71,NaN,,,90.27743,,0 / 34,1006,2020-04-13 19:18:10:417
-1.6844,1.149,8.2922,0.0216,-0.6407,9.789,1.6127,-1.3712,0.4378,0.3602,-0.0589,-0.4794,3.8778,-9.37,-4.71,-52.25,133.35,3.74,-0.13,2.0,986.48,33.32,55.753483,48.741737,638.71,NaN,,,90.27743,,0 / 34,1506,2020-04-13 19:18:10:917
-1.2957,1.0872,10.0047,-0.0893,0.2151,9.8072,1.089,-0.9217,-0.0033,0.0055,0.2253,0.8747,2.1527,-11.33,-7.2,-51.46,122.81,-0.59,-1.08,2.0,986.44,52.465,55.753483,48.741737,638.71,NaN,,,90.27743,,0 / 34,2005,2020-04-13 19:18:11:416
0.401,-0.3469,9.1625,-0.1483,0.1528,9.8077,-1.0626,0.0549,1.0646,-0.2754,-0.0939,0.308,1.5641,-9.95,-1.25,-53.19,90.94,-0.89,0.87,2.0,986.45,61.145,55.753483,48.741737,638.71,NaN,,,90.27743,,0 / 34,2505,2020-04-13 19:18:11:916
0.6361,1.1449,9.8957,-0.7059,-0.315,9.7795,-1.2997,-0.8487,-1.4375,0.3768,0.1096,-0.2543,1.5641,-5.4,4.75,-52.83,69.38,1.84,4.13,2.0,986.48,61.179,55.753483,48.741737,638.71,NaN,,,90.27743,,0 / 34,3006,2020-04-13 19:18:12:417
-0.6965,1.2362,8.5708,-0.7078,0.2866,9.7802,0.3511,-0.872,1.3898,0.0958,-0.3895,0.0826,1.5641,-5.53,2.74,-54.92,65.25,-1.67,4.14,2.0,986.49,51.197,55.753483,48.741737,638.71,NaN,,,90.27743,,0 / 34,3505,2020-04-13 19:18:12:916
1.3076,0.4716,8.1449,0.0541,0.538,9.7951,-1.4211,0.2399,0.5521,0.0847,-0.0471,-0.3729,1.0562,-8.42,1.8,-52.65,57.52,-3.14,-0.32,2.0,986.45,55.241,55.753635,48.741917,570.55,NaN,,0.0,142.1195,,0 / 34,4006,2020-04-13 19:18:13:417
-2.0297,-1.2825,10.1364,-1.0429,-0.6539,9.7325,-0.51,1.3933,-1.264,-0.6429,0.4841,0.3255,1.0562,-0.89,4.33,-53.54,86.45,3.82,6.12,2.0,986.45,46.259,55.753635,48.741917,570.55,NaN,,0.0,142.1195,,0 / 34,4506,2020-04-13 19:18:13:917
0.3397,-1.1961,13.8974,0.1186,-0.9091,9.7671,-0.2225,-0.0598,-3.4557,-0.4933,-0.5881,-0.1542,1.0562,-6.17,3.35,-53.59,87.11,2.73,2.92,2.0,986.45,44.176,55.753635,48.741917,570.55,NaN,,0.0,142.1195,,4 / 34,5006,2020-04-13 19:18:14:417
-0.6178,-0.7846,13.7647,-0.2645,-0.4855,9.7944,0.3822,0.0484,-2.85,-0.187,0.3876,0.0708,0.4467,-13.6,-0.48,-53.41,99.76,2.31,-1.61,2.0,986.45,38.616,55.753635,48.741917,570.55,NaN,,0.0,142.1195,,4 / 34,5506,2020-04-13 19:18:14:917
-0.5212,0.7929,11.0067,-0.9181,-0.6269,9.7468,-1.1653,-1.1998,-0.7743,0.0929,-0.2828,0.0454,0.4467,-11.06,4.07,-55.02,88.01,3.66,5.38,2.0,986.43,47.347,55.753635,48.741917,570.55,NaN,,0.0,142.1195,,4 / 34,6006,2020-04-13 19:18:15:417
0.0694,-0.7032,5.9965,0.8073,-1.0901,9.7158,0.4119,-0.4044,3.7024,0.1227,0.423,-0.2977,0.4467,-22.06,2.82,-50.55,99.21,6.38,-4.75,2.0,986.39,47.55,55.753635,48.741917,570.55,NaN,,0.0,142.1195,,4 / 34,6506,2020-04-13 19:18:15:917
-0.7963,-2.8304,13.3104,-1.1182,-0.7795,9.7148,-0.6145,1.9745,-3.2304,0.6435,0.5965,0.4076,0.4467,-13.98,8.42,-55.7,88.07,7.68,4.61,2.0,986.33,40.109,55.753635,48.741917,570.55,NaN,,0.0,142.1195,,4 / 34,7005,2020-04-13 19:18:16:416
0.2367,0.0956,12.7994,0.1348,-1.6621,9.6672,-0.2827,-1.062,-3.3097,-0.7278,-0.7291,0.1188,0.4467,-13.2,11.22,-47.17,65.04,4.77,2.8,2.0,986.31,45.97,55.753635,48.741917,570.55,NaN,,0.0,142.1195,,4 / 34,7506,2020-04-13 19:18:16:917
0.3714,-0.1099,6.1477,0.861,-0.9068,9.73,0.0671,-0.5236,4.1847,0.3203,0.3941,-0.3235,0.4467,-14.2,7.8,-47.97,70.54,5.3,-5.06,2.0,986.3,53.197,55.753635,48.741917,570.55,NaN,,0.0,142.1195,,4 / 34,8006,2020-04-13 19:18:17:417
-1.0769,-2.9778,10.3485,-1.57,-0.7125,9.6573,-0.183,2.8042,-1.1308,0.4367,0.3035,-0.1737,0.4467,-1.88,2.85,-53.59,94.6,4.17,9.23,2.0,986.29,55.386,55.753635,48.741917,570.55,NaN,,0.0,142.1195,,4 / 34,8505,2020-04-13 19:18:17:916
-0.3325,1.1197,10.741,-0.8153,0.2896,9.7718,-0.8089,-1.0743,3.113,0.1458,-0.3653,-1.2185,0.4467,-7.7,-5.39,-53.51,106.82,-1.36,4.65,2.0,986.25,54.933,55.753635,48.741917,570.55,NaN,,0.0,142.1195,,4 / 34,9006,2020-04-13 19:18:18:417
1.6331,0.6132,8.9715,-0.2624,0.37,9.7995,-1.8075,-0.4498,1.6347,-0.0522,0.0143,-1.235,0.4467,-8.73,-14.27,-52.17,141.77,-2.4,0.34,2.0,986.26,53.681,55.753635,48.741917,570.55,NaN,,0.0,142.1195,,4 / 34,9505,2020-04-13 19:18:18:916
-1.3497,0.3299,9.9514,-0.8622,0.6761,9.7486,0.0394,0.3899,-0.2726,0.3392,0.0936,-0.9164,0.4467,4.54,-21.72,-51.12,181.52,-3.95,5.05,2.0,986.25,42.637,55.753635,48.741917,570.55,NaN,,0.0,142.1195,,4 / 35,10006,2020-04-13 19:18:19:417
0.9919,0.6548,11.4086,-0.079,0.9417,9.7644,-1.05,0.1403,-0.7711,-0.0627,-0.2186,-1.1764,0.4467,8.26,-22.02,-51.78,200.07,-5.03,1.83,2.0,986.27,35.922,55.753635,48.741917,570.55,NaN,,0.0,142.1195,,4 / 35,10505,2020-04-13 19:18:19:916
-0.4513,0.966,11.2191,-0.4619,0.7192,9.7727,-0.3369,-0.7644,0.0305,0.0118,0.3169,-0.7488,0.4467,17.24,-12.84,-50.54,240.19,-4.04,0.75,2.0,986.26,51.894,55.753643,48.74192,574.8,NaN,,0.0,67.72859,,4 / 35,11006,2020-04-13 19:18:20:417
-0.6298,0.8325,10.4384,-0.4326,0.8734,9.7615,0.0926,-0.283,0.4207,0.252,-0.1093,-0.7432,0.4467,21.55,-10.15,-50.49,252.67,-4.42,3.04,2.0,986.26,60.492,55.753643,48.74192,574.8,NaN,,0.0,67.72859,,4 / 35,11506,2020-04-13 19:18:20:917
0.4756,-0.2192,7.9168,-0.1235,1.1104,9.7462,-0.3748,0.9008,2.3111,-4.0E-4,-0.0758,-0.8706,0.4467,20.91,-5.68,-50.9,270.11,-6.71,0.97,2.0,986.24,61.712,55.753647,48.741924,577.12,NaN,,0.0,60.572674,,5 / 35,12006,2020-04-13 19:18:21:417
-1.8323,0.5459,8.9528,-1.0365,1.1107,9.6917,0.853,0.2465,1.2134,-0.2445,-0.0493,0.137,0.4467,23.64,-0.23,-48.87,291.56,-8.58,5.41,2.0,986.23,56.747,55.753647,48.741924,577.12,NaN,,0.0,60.572674,,5 / 35,12505,2020-04-13 19:18:21:916
0.8986,0.235,12.1131,0.4389,0.6973,9.7753,1.2123,-0.3518,-1.4812,0.3073,0.0239,0.117,0.4467,17.34,-1.57,-51.81,274.86,-4.08,-2.57,2.0,986.23,59.561,55.753647,48.741924,577.12,NaN,,0.0,60.572674,,6 / 35,13006,2020-04-13 19:18:22:417
0.9988,0.7995,12.8888,0.2223,0.2732,9.8037,-0.2257,-0.7825,1.5785,-0.3978,0.3241,0.0498,0.4467,18.1,0.01,-50.33,274.13,-1.6,-1.3,2.0,986.25,58.125,55.753647,48.741924,577.12,NaN,,0.0,60.572674,,6 / 35,13505,2020-04-13 19:18:22:916
-1.2273,0.9192,6.4547,-0.4897,0.4771,9.7861,0.9167,-0.6954,3.3293,0.1062,0.0792,0.4129,0.4467,22.73,-1.54,-49.36,270.06,-2.31,2.88,2.0,986.2,59.956,55.753647,48.741924,577.12,NaN,,0.0,60.572674,,6 / 35,14006,2020-04-13 19:18:23:417
0.3106,0.4509,7.661,0.266,1.0523,9.7498,0.0775,0.1631,3.6298,-0.0371,-0.4189,-0.2144,0.4467,17.39,-2.78,-49.67,277.23,-6.16,-1.56,2.0,986.2,57.764,55.753647,48.741924,577.12,NaN,,0.0,60.572674,,6 / 35,14506,2020-04-13 19:18:23:917
-1.8431,-0.969,11.8573,-0.5354,-0.3029,9.7907,1.1542,-0.0393,-0.4578,-0.8938,-0.2228,0.7841,1.0054,21.54,0.51,-50.18,268.28,1.77,3.13,2.0,986.17,49.15,55.753647,48.741924,577.12,NaN,,0.0,60.572674,,5 / 26,15007,2020-04-13 19:18:24:418
0.2339,0.3934,5.9437,0.1078,0.1717,9.8079,0.1038,0.3102,-0.2322,-0.0235,-0.1423,-0.3159,1.0054,19.84,-0.89,-51.32,269.69,-1.0,-0.63,2.0,986.17,60.959,55.753647,48.741924,577.12,NaN,,0.0,60.572674,,5 / 26,15506,2020-04-13 19:18:24:917
-0.9198,0.2165,7.8786,-0.8355,0.4627,9.7634,1.118,-0.2196,-0.1091,-0.7488,-0.3741,0.5381,1.0054,23.43,-0.73,-49.06,274.26,-2.7,4.89,2.0,986.14,57.135,55.753647,48.741924,577.12,NaN,,0.0,60.572674,,5 / 26,16006,2020-04-13 19:18:25:417
1.0751,-0.9212,10.1211,0.188,0.5116,9.7948,-0.67,1.1287,0.2262,-0.1193,-0.1581,-0.5349,1.0054,18.89,-5.44,-50.32,263.13,-2.99,-1.1,2.0,986.14,57.523,55.753647,48.741924,577.12,NaN,,0.0,60.572674,,5 / 26,16505,2020-04-13 19:18:25:916
-0.9441,-0.5818,14.5539,-0.4608,0.4872,9.7871,0.1264,-0.1189,-3.3565,0.0231,0.1309,0.1165,1.0054,21.71,0.4,-51.25,276.76,-2.5,3.15,2.0,986.15,62.641,55.753647,48.741924,577.12,NaN,,0.0,60.572674,,5 / 26,17006,2020-04-13 19:18:26:417
-0.5981,1.8135,10.2346,-0.4404,0.5813,9.7829,0.5994,-1.0589,-1.5246,0.1395,-0.4346,-0.7235,1.5133,22.67,1.43,-50.48,281.3,-3.13,4.42,2.0,986.09,64.087,55.753647,48.741924,577.12,NaN,,0.0,60.572674,,5 / 26,17506,2020-04-13 19:18:26:917
1.134,0.4789,9.1704,-0.3567,0.6722,9.7804,-1.7469,0.3151,1.9039,0.1741,0.1267,-1.339,1.5133,17.4,4.95,-51.0,299.39,-3.93,2.09,2.0,986.1,63.497,55.753647,48.741924,577.12,NaN,,0.0,60.572674,,5 / 26,18006,2020-04-13 19:18:27:417
0.2443,0.3261,8.3424,-0.9857,1.0297,9.7059,-0.7859,0.6709,1.2801,0.0604,-0.2804,-1.2456,1.5133,12.97,8.08,-51.24,329.89,-6.03,5.8,2.0,986.12,59.432,55.753647,48.741924,577.12,NaN,,0.0,60.572674,,5 / 26,18505,2020-04-13 19:18:27:916
0.677,0.0249,10.2159,-0.5809,1.0751,9.7336,-0.5739,0.6849,-0.0072,-0.1952,-0.0606,-1.0806,1.5133,6.19,9.63,-50.71,352.17,-6.83,4.25,2.0,986.09,59.938,55.753647,48.741924,577.12,NaN,,0.0,60.572674,,2 / 26,19006,2020-04-13 19:18:28:417
-0.6594,0.7037,9.5488,-1.0228,0.8494,9.7195,-0.6458,0.5979,-1.1759,0.3587,0.1747,-0.5353,1.5133,-0.26,7.47,-51.78,25.98,-4.99,6.17,2.0,986.08,61.272,55.753647,48.741924,577.12,NaN,,0.0,60.572674,,2 / 26,19506,2020-04-13 19:18:28:917
-0.9835,0.1549,11.8618,-0.9754,0.6612,9.739,0.0444,0.5767,-1.75,0.4357,-0.077,-1.7542,0.9546,-5.71,2.64,-50.79,60.03,-3.86,5.72,2.0,986.11,57.789,55.753647,48.741924,577.12,NaN,,0.0,60.572674,,2 / 26,20007,2020-04-13 19:18:29:418
-0.3877,0.7527,12.0368,-0.5571,0.4785,9.7825,-0.4782,-0.3414,-2.6397,-0.071,0.3948,-0.2499,0.9546,-9.23,-2.76,-51.83,92.35,-2.8,3.26,2.0,986.1,57.392,55.753647,48.741924,577.12,NaN,,0.0,60.572674,,2 / 26,20506,2020-04-13 19:18:29:917
0.6551,0.686,9.2124,-1.0153,-0.088,9.7569,-0.4732,-0.9925,2.1495,0.6759,0.0233,0.0761,0.4467,-7.34,4.73,-50.83,78.72,2.75,6.87,2.0,986.09,54.909,55.753647,48.741924,577.12,NaN,,0.0,60.572674,,4 / 26,21005,2020-04-13 19:18:30:416
-0.1665,1.2164,5.3946,0.2355,1.3524,9.7135,0.7779,0.9093,5.6633,0.081,0.7098,-0.602,0.4467,-15.75,-9.42,-49.83,105.39,-6.32,-4.48,2.0,986.06,59.827,55.753647,48.741924,577.12,NaN,,0.0,60.572674,,4 / 26,21506,2020-04-13 19:18:30:917
-0.676,1.1112,5.423,-1.2836,0.094,9.7252,-0.6029,-0.9664,3.7784,-0.3915,-0.1231,0.8102,0.4467,-6.01,-1.5,-52.44,92.3,-0.55,7.52,2.0,986.07,54.229,55.753647,48.741924,577.12,NaN,,0.0,60.572674,,5 / 26,22006,2020-04-13 19:18:31:417
0.4546,0.102,6.9371,-0.1884,0.0653,9.808,-0.491,-0.1675,2.6768,0.093,-0.1161,-0.3116,0.4467,-11.17,0.19,-52.32,85.67,-1.17,3.18,2.0,986.05,58.298,55.753647,48.741924,577.12,NaN,,0.0,60.572674,,5 / 26,22506,2020-04-13 19:18:31:917
-0.7564,1.4834,6.6202,-0.7323,-0.2094,9.7804,0.0725,0.0682,-0.4736,-0.1138,0.0806,0.2211,0.4467,-10.36,-1.59,-54.02,91.91,-1.66,3.91,2.0,986.03,55.176,55.753647,48.741924,577.12,NaN,,0.0,60.572674,,5 / 26,23006,2020-04-13 19:18:32:417
-0.3532,0.1021,7.4007,0.9622,0.5523,9.7471,0.487,0.7009,0.8627,-0.2898,-0.3459,-0.5832,0.4467,-17.0,-7.4,-50.89,96.7,-1.47,0.25,2.0,986.0,55.579,55.753647,48.741924,577.12,NaN,,0.0,60.572674,,5 / 26,23506,2020-04-13 19:18:32:917
-1.209,0.8049,10.6319,0.0113,0.8118,9.7764,0.0281,1.1855,-3.0111,-0.3302,0.1689,0.3765,0.4467,-15.14,-11.02,-49.57,113.44,-6.03,-2.31,2.0,986.02,53.708,55.753647,48.741924,577.12,NaN,,0.0,60.572674,,5 / 26,24006,2020-04-13 19:18:33:417
-0.5553,-0.4811,12.4627,-0.8694,-0.1706,9.7699,0.5504,0.5034,-4.3838,-0.1154,-0.3063,0.1023,0.4467,-8.07,-0.53,-50.46,91.02,-0.89,6.82,2.0,985.98,57.097,55.753647,48.741924,577.12,NaN,,0.0,60.572674,,5 / 26,24505,2020-04-13 19:18:33:916
-0.7435,0.4754,10.5797,-0.7144,0.2642,9.7804,-0.4386,0.2205,0.7961,0.0016,0.3079,-0.2187,0.4467,-9.86,-1.88,-49.86,92.84,-1.54,4.18,2.0,985.97,54.225,55.753647,48.741924,577.12,NaN,,0.0,60.572674,,5 / 26,25006,2020-04-13 19:18:34:417
-0.4777,0.0397,12.2216,-1.3317,-0.3891,9.7114,-1.5184,-0.8206,1.1412,0.1093,0.0413,-0.0569,0.4467,-7.35,4.52,-50.75,77.67,2.27,7.81,2.0,985.99,56.761,55.753647,48.741924,577.12,NaN,,0.0,60.572674,,5 / 26,25505,2020-04-13 19:18:34:916
-0.0301,0.4888,7.9592,-0.6081,0.1118,9.7905,-1.0152,-0.5913,3.1938,0.039,0.2778,-0.451,0.4467,-9.52,-2.31,-51.31,95.05,-0.95,3.58,2.0,985.94,50.816,55.75364,48.74192,582.93,NaN,,0.0,71.99285,,5 / 26,26006,2020-04-13 19:18:35:417
-0.3864,0.3314,6.4404,-1.3423,0.1552,9.7165,-0.979,-0.0693,3.1771,0.2809,-0.0231,-0.5648,0.4467,-5.42,-2.82,-52.23,100.31,-0.91,7.87,2.0,985.93,57.761,55.75364,48.74192,582.93,NaN,,0.0,71.99285,,5 / 26,26506,2020-04-13 19:18:35:917
-1.4489,0.9098,12.0655,-0.6583,0.4149,9.7791,0.6555,-0.2473,-2.0901,0.3681,-0.1139,-0.6745,0.4467,-7.04,-9.18,-51.49,123.39,-2.42,3.85,2.0,985.92,60.316,55.75363,48.741924,582.94,NaN,,0.0,53.018,,6 / 26,27006,2020-04-13 19:18:36:417
-0.1224,2.0191,8.995,-1.1459,0.9096,9.7003,-1.8154,-0.3597,-0.4474,0.2073,0.0567,-0.9782,0.4467,-4.58,-14.59,-51.4,140.47,-3.7,5.28,2.0,985.9,56.639,55.75363,48.741924,582.94,NaN,,0.0,53.018,,6 / 26,27506,2020-04-13 19:18:36:917
-0.8821,0.365,8.3137,-1.7128,1.1043,9.596,-0.6513,0.5417,0.6789,-0.1431,-0.431,-1.1654,0.4467,8.52,-21.96,-50.95,179.64,-6.46,10.12,2.0,985.89,55.251,55.75363,48.741924,582.94,NaN,,0.0,53.018,,6 / 26,28007,2020-04-13 19:18:37:418
0.9606,-0.4914,9.7333,-0.9321,0.9069,9.7234,-1.8531,0.9805,0.6364,-0.0981,0.0211,-0.7313,0.4467,14.44,-18.07,-52.57,214.49,-5.3,5.48,2.0,985.92,52.537,55.75363,48.741924,582.94,NaN,,0.0,53.018,,6 / 26,28506,2020-04-13 19:18:37:917
-1.4282,-0.6399,13.7169,-1.8326,0.7746,9.6061,-0.3505,-0.1597,-0.6887,0.0898,-0.2151,-0.6872,0.4467,22.98,-12.84,-50.66,238.76,-3.93,8.4,2.0,985.89,60.291,55.75363,48.741924,582.94,NaN,,0.0,53.018,,6 / 26,29007,2020-04-13 19:18:38:418
-1.8411,1.1049,11.9145,-1.0393,0.7112,9.7288,0.663,-0.6201,-1.9684,-0.0941,-0.0374,-0.8367,0.4467,22.5,-7.13,-50.21,254.38,-2.75,6.67,2.0,985.91,58.056,55.75363,48.741924,582.94,NaN,,0.0,53.018,,6 / 26,29506,2020-04-13 19:18:38:917
-0.4091,0.1203,9.7949,-0.9444,0.4959,9.7518,-0.7593,0.239,1.1488,0.0631,0.1612,-0.6935,0.4467,20.64,-4.59,-50.74,261.73,-2.9,5.53,2.0,985.89,52.642,55.753628,48.74192,583.82,NaN,,0.0,46.995,,6 / 26,30006,2020-04-13 19:18:39:417
-1.7497,0.8993,5.7832,-1.4597,0.4304,9.6912,0.3191,-0.4888,3.8305,-0.0502,-0.0844,0.4332,0.4467,24.42,-3.7,-49.86,264.14,-2.51,8.57,2.0,985.87,47.372,55.753628,48.74192,583.82,NaN,,0.0,46.995,,6 / 26,30506,2020-04-13 19:18:39:917
-0.0956,-0.9988,10.6514,-0.7443,0.198,9.7797,0.3423,0.4534,-2.9637,0.0761,0.0232,-0.5136,0.4467,22.27,-3.33,-52.22,263.91,-1.24,5.2,2.0,985.86,54.8,55.753628,48.74192,583.82,NaN,,0.0,46.995,,6 / 26,31005,2020-04-13 19:18:40:416
-2.8211,0.5595,11.2239,-1.5087,0.6542,9.6712,1.5376,-0.0055,-2.6026,-0.2562,-0.0173,0.6929,0.4467,23.5,-2.46,-47.85,275.9,-4.12,8.13,2.0,985.84,59.577,55.753628,48.74192,583.82,NaN,,0.0,46.995,,6 / 26,31506,2020-04-13 19:18:40:917
-1.3929,1.004,11.1767,-1.1844,0.4437,9.7281,0.2667,-0.1519,-3.0132,-0.13,-0.0345,-0.0053,0.4467,21.37,-5.24,-49.68,259.91,-2.59,6.94,2.0,985.85,56.245,55.753628,48.74192,583.82,NaN,,0.0,46.995,,6 / 26,32006,2020-04-13 19:18:41:417
-2.7588,-0.2579,12.1559,-1.0581,0.2815,9.7487,1.0213,0.6397,-3.2724,-0.0557,0.3054,-0.4838,0.9546,23.74,-0.83,-48.69,271.46,-1.64,6.19,2.0,985.82,54.855,55.753628,48.74192,583.82,NaN,,0.0,46.995,,6 / 26,32506,2020-04-13 19:18:41:917
-0.9369,1.1525,8.144,-1.2722,0.3275,9.7216,-0.6294,-0.7244,2.81,0.1353,-0.0287,0.0291,0.9546,23.18,-1.91,-47.84,264.46,-0.48,7.81,2.0,985.78,48.893,55.753628,48.74192,583.82,NaN,,0.0,46.995,,6 / 26,33006,2020-04-13 19:18:42:417
4.0E-4,-0.1191,7.1647,-0.8152,-0.0619,9.7759,-0.6922,-0.3125,1.7632,0.1871,-0.044,-0.4473,0.9546,21.29,0.77,-48.63,269.5,1.29,4.98,2.0,985.78,60.147,55.753628,48.74192,583.82,NaN,,0.0,46.995,,6 / 26,33505,2020-04-13 19:18:42:916
-1.8977,0.6693,7.9928,-1.1742,0.0997,9.739,0.7101,-0.7268,2.254,-0.3942,-0.1048,0.4675,0.9546,22.58,-0.99,-47.88,268.37,-0.58,6.87,2.0,985.77,59.233,55.753628,48.74192,583.82,NaN,,0.0,46.995,,6 / 26,34006,2020-04-13 19:18:43:417
-0.7009,-0.5353,11.8721,-0.8054,0.4768,9.7653,-0.9334,0.2252,2.0586,0.2007,-0.0439,-0.4117,0.9546,22.96,-0.25,-49.24,275.0,-1.77,5.66,2.0,985.75,60.373,55.753628,48.74192,583.82,NaN,,0.0,46.995,,6 / 26,34506,2020-04-13 19:18:43:917
-0.9413,0.7842,10.9259,-1.1041,0.1307,9.7468,0.0712,-0.4699,-2.0948,-0.0769,0.2396,-0.2459,0.9546,23.87,3.71,-47.46,283.37,-1.3,5.0,2.0,985.74,58.68,55.753628,48.74192,583.82,NaN,,0.0,46.995,,6 / 26,35006,2020-04-13 19:18:44:417
-0.8206,0.9513,7.2122,-1.0427,-0.0589,9.7543,-0.2256,-1.1261,2.5403,0.1803,0.0362,-0.1859,0.9546,21.46,4.17,-47.67,283.2,0.34,6.1,2.0,985.73,56.612,55.753628,48.74192,583.82,NaN,,0.0,46.995,,6 / 26,35506,2020-04-13 19:18:44:917
-0.681,-1.0281,10.3536,-0.9106,-0.0295,9.7676,-0.4871,0.5234,1.4734,0.0879,-0.0465,-0.2299,0.9546,21.36,5.5,-48.75,283.54,1.3,5.76,2.0,985.73,53.498,55.753628,48.74192,583.82,NaN,,0.0,46.995,,6 / 26,36011,2020-04-13 19:18:45:422
-1.0028,0.3726,11.2336,-1.1964,0.6862,9.7126,-0.6274,1.5951,-3.0937,-0.2508,-0.2682,-0.3409,0.9546,21.78,5.39,-48.89,294.05,-2.66,6.28,2.0,985.74,61.027,55.753628,48.74192,583.82,NaN,,0.0,46.995,,6 / 26,36506,2020-04-13 19:18:45:917
-0.0662,0.3395,10.098,-0.8208,0.7321,9.7481,-0.2659,0.4701,-0.5509,0.0921,-0.0893,-1.2695,0.9546,14.67,8.48,-50.12,317.64,-4.28,4.81,2.0,985.76,59.793,55.753628,48.74192,583.82,NaN,,0.0,46.995,,4 / 26,37007,2020-04-13 19:18:46:418
0.4385,1.6495,8.2198,-0.9237,0.995,9.7156,-1.3432,-0.6946,1.5016,0.0093,-0.1121,-0.9848,0.9546,7.71,10.14,-51.94,348.74,-5.82,5.43,2.0,985.72,61.234,55.753628,48.74192,583.82,NaN,,0.0,46.995,,4 / 26,37506,2020-04-13 19:18:46:917
-2.0951,-0.913,10.5001,-1.4881,0.9482,9.65,1.1162,1.3223,-0.5794,0.7117,0.0287,-1.2224,0.9546,6.14,9.4,-50.47,8.16,-3.07,8.75,2.0,985.72,57.866,55.753628,48.74192,583.82,NaN,,0.0,46.995,,5 / 26,38006,2020-04-13 19:18:47:417
-2.2824,1.5012,11.3044,-0.9138,1.0944,9.7058,1.2731,-0.8324,-0.401,0.0357,-0.3757,-0.3936,0.9546,0.2,3.15,-51.81,36.97,-6.26,7.16,2.0,985.71,58.231,55.753628,48.74192,583.82,NaN,,0.0,46.995,,5 / 26,38505,2020-04-13 19:18:47:916
0.1598,1.0948,9.2559,-0.613,0.7303,9.7636,-1.017,-0.3353,1.0697,0.1818,0.293,-0.719,0.9546,-7.31,0.61,-53.82,64.36,-4.27,3.59,2.0,985.73,61.273,55.753628,48.74192,583.82,NaN,,0.0,46.995,,5 / 26,39008,2020-04-13 19:18:48:419
-1.6522,-0.3874,8.6741,-1.1341,1.0405,9.6885,-0.0984,0.5983,2.6782,0.2839,0.0617,-0.0236,0.9546,-3.81,-1.61,-53.74,79.24,-4.25,6.69,2.0,985.71,51.26,55.753628,48.74192,583.82,NaN,,0.0,46.995,,5 / 26,39506,2020-04-13 19:18:48:917
-0.1809,0.2913,11.243,-0.5096,0.7201,9.7703,-0.3973,1.1041,-1.9183,-0.1472,-0.2514,-0.3513,0.9546,-8.76,-3.71,-51.87,85.1,-5.59,3.3,2.0,985.7,58.892,55.753628,48.74192,583.82,NaN,,0.0,46.995,,5 / 26,40006,2020-04-13 19:18:49:417
-0.7809,0.8025,12.8896,-0.484,1.1678,9.7282,0.3241,0.1309,-2.5993,0.0189,0.3756,-0.1096,0.9546,-10.19,-8.38,-52.16,98.24,-6.84,2.85,2.0,985.67,57.973,55.753628,48.74192,583.82,NaN,,0.0,46.995,,5 / 26,40506,2020-04-13 19:18:49:917
-0.6699,1.1273,7.2552,-0.8147,0.1127,9.7755,-0.2273,-0.3595,-0.5033,0.1675,-0.1381,-0.0211,0.9546,-7.62,-2.32,-52.13,94.65,-1.04,5.81,2.0,985.65,61.73,55.753628,48.74192,583.82,NaN,,0.0,46.995,,5 / 26,41006,2020-04-13 19:18:50:417
1.6175,-1.4825,7.6618,0.0455,-0.237,9.807,-0.8273,0.4563,2.7604,0.3605,-0.0727,-0.3942,0.4467,-12.31,-0.32,-53.48,96.84,1.65,0.74,2.0,985.64,53.771,55.753628,48.74192,583.82,NaN,,0.0,46.995,,5 / 26,41511,2020-04-13 19:18:50:922
-0.7,0.7072,7.5577,-0.5974,0.0632,9.7916,0.3288,-0.5439,1.453,-0.2253,0.0515,0.5818,0.4467,-11.1,-3.95,-52.03,107.78,-0.74,0.54,2.0,985.62,59.242,55.753628,48.74192,583.82,NaN,,0.0,46.995,,4 / 26,42007,2020-04-13 19:18:51:418
1.022,-0.4502,10.8837,-0.0153,0.2026,9.8079,-1.181,0.8337,-1.7288,-0.2269,-0.1757,-0.4502,0.4467,-16.11,-4.24,-52.06,100.31,-1.18,0.09,2.0,985.63,56.55,55.753628,48.74192,583.82,NaN,,0.0,46.995,,4 / 26,42506,2020-04-13 19:18:51:917
-1.1939,0.3672,11.7921,-0.5074,0.5965,9.7787,0.6822,0.2326,-2.0138,-0.3335,0.1148,0.5376,0.4467,-13.58,-10.84,-49.29,113.25,-5.72,0.14,2.0,985.61,50.811,55.753628,48.74192,583.82,NaN,,0.0,46.995,,6 / 26,43006,2020-04-13 19:18:52:417
0.052,0.6298,11.4706,0.0773,1.1959,9.7365,-1.1612,0.5025,0.7304,0.0347,-0.1252,-0.0815,0.4467,-14.12,-8.54,-48.63,101.52,-7.06,0.38,2.0,985.58,49.948,55.753628,48.74192,583.82,NaN,,0.0,46.995,,6 / 26,43506,2020-04-13 19:18:52:917
0.0093,0.467,11.4139,-0.3825,1.0317,9.7481,0.5278,0.1396,-2.2074,-0.3711,0.2362,0.195,0.4467,-13.12,-8.05,-49.51,100.44,-6.04,2.25,2.0,985.62,44.383,55.753628,48.74192,583.82,NaN,,0.0,46.995,,6 / 26,44010,2020-04-13 19:18:53:421
-0.0486,0.8782,10.6333,-0.6145,0.3624,9.784,-0.5467,-0.4473,-0.8508,0.0764,-0.1447,0.0679,0.4467,-10.94,-2.22,-50.41,90.73,-2.12,3.59,2.0,985.57,60.103,55.753628,48.74192,583.82,NaN,,0.0,46.995,,6 / 26,44506,2020-04-13 19:18:53:917
0.8362,0.6964,8.5659,-0.3534,-0.0783,9.8033,-1.3254,-0.8336,1.2309,-0.3317,0.1964,-0.3272,0.4467,-8.87,-0.85,-52.38,82.43,-1.85,1.24,2.0,985.56,54.056,55.753628,48.74192,583.82,NaN,,0.0,46.995,,6 / 26,45006,2020-04-13 19:18:54:417
-1.8542,0.1936,8.2398,-1.13,0.6128,9.7254,0.7623,0.6642,1.4714,0.2884,-0.1629,-0.0761,0.4467,-7.36,-3.6,-52.41,93.61,-3.58,6.63,2.0,985.54,52.947,55.753628,48.74192,583.82,NaN,,0.0,46.995,,6 / 26,45506,2020-04-13 19:18:54:917
-1.06,0.8481,11.5233,-0.821,0.9465,9.7297,0.2324,-0.389,-1.4942,0.0942,-0.0779,-0.7262,0.4467,-7.21,-9.63,-52.68,113.26,-5.54,4.82,2.0,985.51,55.936,55.753624,48.741924,576.22,NaN,,0.0,44.052223,,6 / 26,46007,2020-04-13 19:18:55:418
0.6884,0.5524,9.4698,-0.9656,0.6373,9.7415,-1.554,-0.019,0.2955,0.1729,0.1769,-0.8648,0.4467,-2.0,-10.12,-53.18,123.31,-3.31,4.42,2.0,985.54,46.127,55.753624,48.741924,576.22,NaN,,0.0,44.052223,,6 / 26,46508,2020-04-13 19:18:55:919
-1.4078,-0.3367,10.0706,-1.1233,0.7966,9.7129,-0.4337,0.9041,0.6292,0.1439,-0.1314,-1.0241,0.4467,-1.18,-14.64,-52.67,145.76,-4.47,6.93,2.0,985.52,56.174,55.753616,48.741924,571.43,NaN,,0.0,47.107533,,6 / 26,47007,2020-04-13 19:18:56:418
-0.0843,-0.4522,10.3926,-1.0241,0.3982,9.7483,0.0362,0.5196,-2.453,0.2258,-0.2701,-0.9055,0.4467,6.9,-15.14,-54.06,178.94,-2.51,6.8,2.0,985.52,55.913,55.753616,48.741924,571.43,NaN,,0.0,47.107533,,6 / 26,47506,2020-04-13 19:18:56:917
-0.2327,0.1021,11.9728,-1.2617,0.503,9.7155,0.1721,1.2144,-2.5165,0.0033,0.0738,-0.782,0.4467,14.25,-14.32,-49.71,215.0,-3.19,7.02,2.0,985.55,57.397,55.753616,48.741924,571.43,NaN,,0.0,47.107533,,6 / 26,48006,2020-04-13 19:18:57:417
-0.8441,0.2937,12.3937,-0.8927,0.4204,9.7603,0.0158,0.4954,-0.8608,-0.0045,-0.0997,-0.7772,0.4467,18.29,-11.1,-49.14,238.15,-3.27,5.71,2.0,985.53,53.325,55.753616,48.741924,571.43,NaN,,0.0,47.107533,,6 / 26,48506,2020-04-13 19:18:57:917
0.4538,0.9822,9.2476,-0.5166,0.3852,9.7888,-2.017,-0.6562,-1.0624,-0.1777,0.004,-0.1817,0.4467,18.2,-5.42,-49.53,263.38,-3.6,2.81,2.0,985.52,41.7,55.753616,48.741924,571.43,NaN,,0.0,47.107533,,7 / 26,49006,2020-04-13 19:18:58:417
-0.2996,0.3361,8.3869,-0.9887,-0.263,9.7565,0.1824,-0.8876,2.0888,-0.1811,0.0382,0.1505,0.4467,21.08,0.15,-48.16,266.18,-2.17,5.69,2.0,985.49,62.16,55.753616,48.741924,571.43,NaN,,0.0,47.107533,,7 / 26,49506,2020-04-13 19:18:58:917
0.2297,-0.0227,7.3982,0.0084,9.0E-4,9.81,-0.1862,-0.0591,1.8204,0.1327,-0.1376,-0.3773,1.0054,17.59,-0.46,-49.77,270.11,-0.04,1.87,2.0,985.48,59.618,55.753616,48.741924,571.43,NaN,,0.0,47.107533,,7 / 26,50006,2020-04-13 19:18:59:417
-1.1413,1.1586,6.362,-0.9396,-0.191,9.763,-0.1335,-1.0307,2.8524,-0.1722,-0.0764,0.3724,1.0054,21.93,2.34,-48.75,273.36,1.12,5.5,2.0,985.46,55.331,55.753616,48.741924,571.43,NaN,,0.0,47.107533,,7 / 26,50507,2020-04-13 19:18:59:918
0.1373,0.1548,6.9296,-0.7295,0.1366,9.7819,-0.3224,0.3965,0.1321,0.0778,0.1158,-0.2595,1.0054,21.61,0.4,-49.48,272.2,-0.8,4.27,2.0,985.48,59.543,55.753616,48.741924,571.43,NaN,,0.0,47.107533,,10 / 26,51006,2020-04-13 19:19:00:417
-2.1924,-1.0939,12.4274,-0.7458,-0.1264,9.7808,0.2431,0.6976,-0.1198,-0.6056,0.4208,0.2792,1.5133,22.49,0.97,-48.73,271.1,0.74,4.36,2.0,985.44,60.946,55.753616,48.741924,571.43,NaN,,0.0,47.107533,,10 / 26,51506,2020-04-13 19:19:00:917
0.7554,-0.7645,10.9326,-0.2341,0.2126,9.8049,-0.9885,0.976,-1.1276,0.017,-0.5036,-0.0395,1.5133,20.29,-0.43,-49.21,272.87,-0.99,3.09,2.0,985.43,59.588,55.753616,48.741924,571.43,NaN,,0.0,47.107533,,10 / 26,52006,2020-04-13 19:19:01:417
-1.4457,0.0718,12.7352,-0.5633,0.4759,9.7822,0.6297,-0.2905,0.3495,-0.1102,0.2876,0.1066,1.5133,20.31,0.68,-50.7,283.12,-3.41,0.47,2.0,985.4,53.802,55.753616,48.741924,571.43,NaN,,0.0,47.107533,,10 / 26,52506,2020-04-13 19:19:01:917
-1.0714,-0.1717,13.1467,-0.8516,-0.021,9.7729,-0.2697,0.3027,-3.596,-0.0426,-0.2198,0.1839,2.0212,21.32,0.74,-50.77,275.65,1.33,5.62,2.0,985.43,59.767,55.753616,48.741924,571.43,NaN,,0.0,47.107533,,10 / 26,53006,2020-04-13 19:19:02:417
-0.4556,0.2154,9.5039,-0.5574,0.6049,9.7755,-0.1344,0.3361,0.8346,0.0453,0.2578,-0.0416,2.0212,19.15,0.69,-52.85,277.93,-1.42,2.39,2.0,985.39,59.988,55.753616,48.741924,571.43,NaN,,0.0,47.107533,,10 / 26,53506,2020-04-13 19:19:02:917
-0.0515,0.4973,8.0043,-0.9943,-0.0414,9.7594,-0.5382,-0.5921,2.5027,0.1364,-0.1263,0.1127,2.0212,21.15,0.25,-53.0,269.15,0.24,5.82,2.0,985.39,57.053,55.753616,48.741924,571.43,NaN,,0.0,47.107533,,11 / 26,54010,2020-04-13 19:19:03:421
-0.2355,-0.3387,7.4316,-0.3317,0.0314,9.8043,-0.9095,0.7527,1.1329,-0.1875,0.074,-0.3595,2.5695,17.54,0.69,-54.19,271.06,-0.31,1.65,2.0,985.37,56.658,55.753616,48.741924,571.43,NaN,,0.0,47.107533,,11 / 26,54506,2020-04-13 19:19:03:917
-2.3512,-0.7019,10.2464,-0.6582,0.2386,9.785,0.4776,0.1797,2.6516,0.2913,-0.2328,-0.1412,2.5695,20.24,4.94,-52.63,285.2,0.84,4.82,2.0,985.36,54.595,55.753616,48.741924,571.43,NaN,,0.0,47.107533,,11 / 26,55006,2020-04-13 19:19:04:417
-0.8361,-0.7691,14.3388,-0.3073,0.5588,9.7892,0.7558,0.6104,-2.7827,0.1629,-0.0815,-0.9505,2.5695,16.7,1.18,-54.75,285.24,-3.27,1.8,2.0,985.34,54.358,55.753616,48.741924,571.43,NaN,,0.0,47.107533,,11 / 26,55505,2020-04-13 19:19:04:916
0.712,1.1001,8.8415,-0.1145,1.012,9.757,-0.4458,-0.8244,0.8635,0.1109,-0.0269,0.0333,3.1177,16.56,3.04,-55.41,297.95,-5.92,0.67,2.0,985.35,56.467,55.753616,48.741924,571.43,NaN,,0.0,47.107533,,11 / 26,56007,2020-04-13 19:19:05:418
-1.7044,0.3152,11.9169,-0.7884,0.9428,9.7327,1.4744,0.3262,-1.0629,-0.0261,-0.0327,0.4845,3.7676,16.25,2.36,-52.77,304.99,-7.38,3.52,2.0,985.35,47.082,55.753616,48.741924,571.43,NaN,,0.0,47.107533,,11 / 26,56508,2020-04-13 19:19:05:919
-0.1411,0.8215,11.1696,-0.0156,1.2619,9.7285,-0.0613,0.158,-0.5422,0.5635,-0.4355,0.1841,8.2138,14.17,-1.5,-52.62,289.17,-7.39,0.09,2.0,985.36,40.101,55.753616,48.741924,571.43,NaN,,0.0,47.107533,,8 / 26,57006,2020-04-13 19:19:06:417
-0.1179,1.6442,9.4427,-0.1357,1.131,9.7436,-0.0171,-0.5136,0.301,0.1799,0.1563,-0.1008,33.2022,16.85,-1.91,-51.82,283.92,-6.62,0.8,2.0,985.33,51.385,55.753616,48.741924,571.43,NaN,,0.0,47.107533,,8 / 26,57506,2020-04-13 19:19:06:917
-1.6658,1.582,9.0973,-0.4218,0.6604,9.7787,1.2446,-0.922,0.6814,-0.4472,-0.5646,0.438,105.9645,16.92,-0.78,-50.28,281.39,-5.64,6.18,2.0,985.37,57.79,55.753616,48.741924,571.43,NaN,,0.0,47.107533,,8 / 26,58006,2020-04-13 19:19:07:417
1.5159,0.5402,9.4567,0.0478,0.4972,9.7973,-2.3139,0.8024,1.0485,-0.3413,0.1657,-0.6463,158.7691,15.2,1.03,-52.05,287.74,-4.48,-0.83,2.0,985.37,54.082,55.753616,48.741924,571.43,NaN,,0.0,47.107533,,8 / 26,58505,2020-04-13 19:19:07:916
-0.734,0.4398,8.449,-0.5392,1.0232,9.7416,-0.5273,1.3412,0.3287,-0.0152,-0.2781,-0.886,187.8779,15.16,4.45,-52.97,308.5,-5.99,3.17,2.0,985.35,35.023,55.753616,48.741924,571.43,NaN,,0.0,47.107533,,8 / 26,59005,2020-04-13 19:19:08:416
-1.2725,1.4486,9.5088,-0.4983,1.2955,9.7113,0.6819,0.5577,-0.2717,-0.0399,-0.0469,-0.9794,67.4964,10.34,7.62,-55.48,334.82,-7.59,2.94,2.0,985.35,30.074,55.753616,48.741924,571.43,NaN,,0.0,47.107533,,8 / 26,59505,2020-04-13 19:19:08:916
-0.5321,1.9649,7.7063,-0.0069,1.0241,9.7564,-0.1717,0.6734,-0.84,0.0454,-0.1247,-0.1758,110.5623,5.45,10.15,-53.69,346.92,-7.29,1.17,2.0,985.32,32.753,55.753616,48.741924,571.43,NaN,,0.0,47.107533,,7 / 26,60005,2020-04-13 19:19:09:416
0.0707,1.0796,9.8876,-0.3281,1.4518,9.6964,-0.115,0.1227,0.149,0.5552,0.7408,0.0289,130.7256,8.73,4.4,-53.28,328.69,-8.51,1.94,2.0,985.35,27.628,55.753616,48.741924,571.43,NaN,,0.0,47.107533,,7 / 26,60506,2020-04-13 19:19:09:917